이름,이메일,1월,2월,3월,4월,5월,6월,7월,8월
박찬호,soongon@gmail.com,완료,완료,완료,완료,완료,,,
박세리,soongon@gmail.com,완료,완료,완료,완료,완료,완료,완료,완료
김연아,soongon@gmail.com,완료,완료,완료,완료,완료,완료,,
아이유,soongon@gmail.com,완료,완료,완료,완료,완료,완료,,
지드래곤,soongon@gmail.com,완료,완료,완료,완료,완료,완료,완료,완료
박인비,soongon@gmail.com,완료,완료,완료,완료,완료,완료,완료,완료
매시,soongon@gmail.com,완료,완료,완료,완료,완료,완료,,
손흥민,soongon@gmail.com,완료,완료,완료,완료,완료,완료,완료,